team,media_home_goals,media_sofridos_home_goals,media_home_corners,media_sofridos_home_corners,media_home_shots-off-target,media_sofridos_home_shots-off-target,media_home_shots-total,media_sofridos_home_shots-total,media_home_attacks,media_sofridos_home_attacks,media_home_dangerous-attacks,media_sofridos_home_dangerous-attacks,media_home_ball-possession,media_sofridos_home_ball-possession,media_home_penalties,media_sofridos_home_penalties,media_home_shots-insidebox,media_sofridos_home_shots-insidebox,media_home_shots-outsidebox,media_sofridos_home_shots-outsidebox,media_home_offsides,media_sofridos_home_offsides,media_home_goals-kicks,media_sofridos_home_goals-kicks,media_home_goal-attempts,media_sofridos_home_goal-attempts,media_home_fouls,media_sofridos_home_fouls,media_home_saves,media_sofridos_home_saves,media_home_yellowcards,media_sofridos_home_yellowcards,media_prob_home_home_pinacle,media_prob_home_draw_pinacle,media_prob_home_away_pinacle,media_prob_home_btts_pinacle,media_prob_home_no_btts_pinacle,media_prob_home_over_pinnacle_2,media_prob_home_under_pinnacle_2,media_prob_home_over_pinnacle_2_25,media_prob_home_under_pinnacle_2_25,media_prob_home_over_pinnacle_2_5,media_prob_home_under_pinnacle_2_5,media_prob_home_bet365_home,media_prob_home_bet365_draw,media_prob_home_bet365_away,media_prob_home_btts_bet365_no,media_prob_home_btts_bet365_yes,media_prob_home_over_bet365_2_0,media_prob_home_under_bet365_2_0,"media_prob_home_over_bet365_2_0, 2_5","media_prob_home_under_bet365_2_0, 2_5",media_prob_home_over_bet365_2_5,media_prob_home_under_bet365_2_5,name_league,ano,media_sofridos_away_goals,media_away_goals,media_sofridos_away_corners,media_away_corners,media_sofridos_away_shots-off-target,media_away_shots-off-target,media_sofridos_away_shots-total,media_away_shots-total,media_sofridos_away_attacks,media_away_attacks,media_sofridos_away_dangerous-attacks,media_away_dangerous-attacks,media_sofridos_away_ball-possession,media_away_ball-possession,media_sofridos_away_penalties,media_away_penalties,media_sofridos_away_shots-insidebox,media_away_shots-insidebox,media_sofridos_away_shots-outsidebox,media_away_shots-outsidebox,media_sofridos_away_offsides,media_away_offsides,media_sofridos_away_goals-kicks,media_away_goals-kicks,media_sofridos_away_goal-attempts,media_away_goal-attempts,media_sofridos_away_fouls,media_away_fouls,media_sofridos_away_saves,media_away_saves,media_sofridos_away_yellowcards,media_away_yellowcards,media_prob_away_home_pinacle,media_prob_away_draw_pinacle,media_prob_away_away_pinacle,media_prob_away_btts_pinacle,media_prob_away_no_btts_pinacle,media_prob_away_over_pinnacle_2,media_prob_away_under_pinnacle_2,media_prob_away_over_pinnacle_2_25,media_prob_away_under_pinnacle_2_25,media_prob_away_over_pinnacle_2_5,media_prob_away_under_pinnacle_2_5,media_prob_away_bet365_home,media_prob_away_bet365_draw,media_prob_away_bet365_away,media_prob_away_btts_bet365_no,media_prob_away_btts_bet365_yes,media_prob_away_over_bet365_2_0,media_prob_away_under_bet365_2_0,"media_prob_away_over_bet365_2_0, 2_5","media_prob_away_under_bet365_2_0, 2_5",media_prob_away_over_bet365_2_5,media_prob_away_under_bet365_2_5
Aldosivi,1.38,1.92,4.75,4.06,5.25,4.62,13.94,11.38,91.69,94.0,53.62,49.81,46.94,53.06,0.5,0.75,8.0,6.94,6.12,4.31,1.53,1.67,7.38,8.81,10.12,7.5,13.94,11.06,2.5,4.19,2.81,2.56,0.32,0.33,0.38,0.43,0.61,0.5,0.54,0.5,0.54,0.51,0.52,0.33,0.33,0.4,0.63,0.45,0.51,0.54,0.51,0.54,0.52,0.52,Argentina Liga Profissional de Futebol,2025,1.31,0.81,4.44,3.88,5.12,5.5,12.38,11.62,98.44,88.75,57.0,44.31,56.25,43.75,0.5,0.5,8.12,5.5,4.38,6.06,1.38,1.5,8.06,8.88,9.44,8.31,12.12,13.19,2.62,3.25,1.87,3.13,0.55,0.3,0.19,0.42,0.61,0.52,0.52,0.5,0.53,0.49,0.56,0.55,0.3,0.2,0.63,0.44,0.52,0.53,0.51,0.54,0.52,0.52
Argentinos Juniors,2.13,0.53,5.06,2.78,6.11,4.11,14.56,8.5,109.78,84.61,65.28,41.11,64.17,35.83,1.0,0.0,8.67,4.61,6.11,3.72,2.12,1.41,6.76,9.82,9.78,5.33,10.78,14.33,1.56,2.61,1.83,3.33,0.56,0.3,0.18,0.41,0.63,0.52,0.52,0.5,0.54,0.5,0.55,0.58,0.29,0.19,0.66,0.42,0.53,0.52,0.51,0.54,0.5,0.55,Argentina Liga Profissional de Futebol,2025,1.13,1.07,3.67,5.61,3.83,4.94,9.33,12.56,83.61,101.89,38.94,53.22,39.33,60.67,0.75,0.5,5.72,7.67,3.61,5.28,1.53,1.82,8.18,7.0,6.83,8.5,12.22,11.17,3.22,2.61,3.35,2.47,0.3,0.33,0.4,0.42,0.62,0.5,0.54,0.48,0.56,,,0.31,0.33,0.41,0.64,0.44,0.51,0.54,0.48,0.56,,
Atlético Tucumán,1.73,1.0,5.12,4.5,4.94,4.62,12.38,11.31,84.19,91.25,49.38,48.81,48.62,51.38,0.33,0.67,7.94,6.31,4.62,5.06,2.69,1.06,8.2,8.8,8.44,7.12,13.69,11.0,2.69,2.69,2.94,2.44,0.43,0.32,0.28,0.45,0.59,0.51,0.52,0.5,0.54,,,0.44,0.32,0.29,0.61,0.46,0.51,0.54,0.5,0.55,,,Argentina Liga Profissional de Futebol,2025,1.75,0.5,4.25,3.62,5.88,4.75,14.31,10.81,105.0,96.88,54.81,45.69,52.81,47.19,1.0,0.0,8.88,6.44,5.56,4.62,1.93,2.07,7.69,8.56,9.81,8.0,10.44,12.56,2.69,3.5,2.07,2.8,0.48,0.31,0.24,0.43,0.61,0.5,0.53,0.51,0.53,0.52,0.51,0.5,0.31,0.25,0.63,0.45,0.51,0.54,0.53,0.53,0.52,0.52
Banfield,1.42,1.33,5.19,3.5,4.88,3.88,12.75,10.75,92.94,96.38,50.88,46.31,42.88,57.12,0.25,0.75,6.88,5.88,5.94,4.75,1.5,1.5,6.5,8.19,7.94,7.44,13.38,13.56,2.94,3.06,2.81,2.94,0.36,0.34,0.32,0.42,0.62,0.5,0.54,0.5,0.55,0.49,0.56,0.38,0.34,0.34,0.64,0.44,0.5,0.55,0.51,0.54,,,Argentina Liga Profissional de Futebol,2025,1.5,0.75,3.69,3.56,5.06,5.75,13.19,11.62,101.06,92.62,51.75,48.88,54.81,45.19,0.8,0.2,8.25,6.25,5.12,5.31,1.69,1.15,8.56,8.94,8.5,8.06,12.88,14.38,2.5,2.88,1.87,2.87,0.49,0.32,0.23,0.41,0.63,0.5,0.53,0.5,0.53,0.49,0.54,0.5,0.32,0.24,0.65,0.43,0.51,0.54,0.5,0.54,0.49,0.56
Barracas Central,1.29,1.35,2.94,4.0,3.59,4.94,9.71,11.88,84.18,96.59,45.71,56.88,42.41,57.59,1.5,0.0,5.53,5.88,4.53,6.06,1.12,3.0,9.65,5.65,7.06,8.65,11.35,13.29,3.29,2.71,2.59,2.59,0.32,0.34,0.38,0.41,0.63,0.5,0.54,0.5,0.54,,,0.32,0.34,0.39,0.64,0.43,0.5,0.55,0.5,0.54,,,Argentina Liga Profissional de Futebol,2025,1.13,1.2,5.56,2.89,5.17,3.94,12.94,9.0,107.67,88.39,60.0,40.06,61.06,38.94,0.0,1.0,6.94,4.5,5.89,4.56,4.0,1.17,5.75,10.88,9.06,6.39,11.5,12.39,1.83,3.5,3.0,2.83,0.53,0.31,0.2,0.4,0.64,0.5,0.53,0.49,0.54,0.5,0.55,0.53,0.31,0.21,0.65,0.42,0.52,0.53,0.51,0.54,0.5,0.55
Belgrano,1.15,1.23,5.38,4.69,6.12,4.94,13.06,10.56,96.69,84.94,53.5,48.5,53.88,46.12,0.33,0.67,7.44,5.81,5.44,4.88,1.4,1.87,6.88,9.06,8.19,7.19,11.94,11.69,2.31,2.81,3.38,2.5,0.45,0.32,0.27,0.45,0.59,0.52,0.51,0.49,0.54,,,0.45,0.32,0.28,0.61,0.46,0.52,0.53,0.5,0.55,0.51,0.53,Argentina Liga Profissional de Futebol,2025,1.64,1.0,5.12,3.81,6.19,3.62,13.88,8.94,95.69,90.5,61.0,47.5,53.81,46.19,0.4,0.8,7.88,4.69,6.06,4.25,1.56,2.06,6.07,8.67,9.06,6.0,10.56,14.62,1.88,2.94,2.27,2.67,0.45,0.32,0.27,0.46,0.58,0.52,0.52,0.49,0.54,0.53,0.5,0.46,0.32,0.28,0.6,0.47,0.53,0.52,0.5,0.54,0.55,0.5
Boca Juniors,1.74,0.53,5.52,3.52,4.52,4.9,12.38,10.52,96.9,93.43,56.19,45.57,56.14,43.86,0.5,0.5,8.29,5.48,4.19,5.43,1.88,1.41,7.95,8.45,8.14,6.86,10.43,13.19,2.33,2.86,2.38,3.1,0.54,0.3,0.2,0.43,0.62,0.51,0.52,0.49,0.54,0.48,0.55,0.55,0.3,0.21,0.63,0.44,0.53,0.53,0.51,0.54,0.5,0.56,Argentina Liga Profissional de Futebol,2025,1.0,1.47,4.81,4.06,5.12,4.31,11.44,10.06,97.81,94.06,56.25,53.38,43.75,56.25,0.67,1.33,6.88,5.69,4.44,4.38,1.44,1.44,6.73,7.53,8.38,7.06,13.75,11.44,2.0,3.06,3.12,2.69,0.33,0.33,0.38,0.44,0.6,0.51,0.53,0.5,0.54,,,0.34,0.33,0.39,0.62,0.46,0.51,0.53,0.5,0.54,,
Central Cordoba SdE,1.44,0.94,5.33,2.83,6.17,4.67,13.72,9.5,93.72,93.89,50.5,43.44,52.06,47.94,1.0,0.33,8.44,5.61,5.83,4.11,1.75,1.62,7.18,8.88,9.78,6.83,9.11,10.67,2.06,3.39,1.53,3.18,0.41,0.33,0.29,0.44,0.6,0.5,0.53,0.5,0.54,,,0.42,0.33,0.3,0.62,0.45,0.5,0.55,0.51,0.54,,,Argentina Liga Profissional de Futebol,2025,1.54,1.31,5.62,3.62,6.62,3.94,15.06,8.75,97.31,92.38,58.25,50.94,50.0,50.0,0.33,0.67,9.31,5.06,5.88,3.56,2.18,1.82,7.0,9.75,9.88,6.0,11.06,11.31,1.62,3.25,2.38,2.25,0.46,0.32,0.25,0.44,0.6,0.51,0.52,0.47,0.56,0.51,0.52,0.48,0.32,0.26,0.62,0.45,0.53,0.52,0.49,0.56,0.51,0.53
Defensa y Justicia,1.13,1.13,4.19,4.5,4.88,4.75,12.62,10.94,107.56,85.31,63.62,50.06,58.44,41.56,0.6,0.6,7.62,7.12,4.94,3.94,2.19,2.31,8.06,8.94,9.31,7.44,9.44,10.81,2.12,3.75,1.93,1.87,0.43,0.32,0.3,0.47,0.57,0.52,0.51,0.5,0.54,0.5,0.55,0.44,0.32,0.3,0.59,0.48,0.53,0.52,0.51,0.54,0.49,0.56,Argentina Liga Profissional de Futebol,2025,1.6,1.0,5.5,4.06,5.81,4.62,14.12,10.81,95.19,94.56,53.12,48.88,47.75,52.25,0.0,1.0,9.62,5.75,4.5,5.12,2.56,1.88,7.38,7.94,9.56,7.25,10.75,10.44,2.56,3.88,2.0,2.38,0.43,0.32,0.29,0.47,0.57,0.53,0.51,0.5,0.54,0.49,0.54,0.44,0.31,0.3,0.59,0.48,0.52,0.53,0.51,0.54,0.5,0.55
Deportivo Riestra,1.33,0.42,3.53,5.41,3.94,5.65,10.0,11.71,95.12,113.94,50.65,64.24,35.06,64.94,1.0,0.0,6.71,6.35,3.24,5.18,2.07,1.5,8.5,5.0,5.65,6.53,15.53,11.71,2.47,2.18,2.76,2.76,0.36,0.35,0.32,0.39,0.65,0.5,0.53,0.48,0.55,,,0.37,0.35,0.33,0.66,0.41,0.51,0.54,0.5,0.55,,,Argentina Liga Profissional de Futebol,2025,1.2,1.2,7.65,2.41,6.94,2.94,15.47,7.06,115.76,81.88,73.82,38.0,70.53,29.47,0.8,0.4,8.24,4.47,7.41,2.47,2.19,1.12,5.18,10.41,10.12,4.82,9.47,15.06,1.59,3.82,1.94,3.35,0.51,0.32,0.21,0.39,0.65,0.5,0.53,0.49,0.55,,,0.51,0.33,0.22,0.67,0.4,0.51,0.54,0.5,0.55,,
Estudiantes,1.47,0.93,5.69,3.56,6.12,4.12,14.25,9.06,106.69,80.62,57.56,43.12,59.19,40.81,0.67,1.0,8.81,4.19,5.5,4.88,2.08,1.54,6.0,10.19,10.0,6.12,12.88,12.25,1.81,3.62,2.69,3.19,0.5,0.31,0.23,0.44,0.6,0.52,0.52,0.49,0.54,,,0.51,0.31,0.24,0.62,0.45,0.53,0.52,0.5,0.55,,,Argentina Liga Profissional de Futebol,2025,1.32,0.84,5.05,3.3,6.1,4.75,13.2,10.8,92.45,93.1,55.85,44.3,48.5,51.5,1.0,0.0,7.65,6.05,6.05,4.75,1.24,1.12,7.95,9.89,9.55,7.15,11.85,14.6,2.65,3.25,2.8,3.65,0.35,0.33,0.35,0.43,0.61,0.49,0.54,0.49,0.54,0.49,0.56,0.37,0.33,0.35,0.62,0.45,0.52,0.53,0.5,0.55,,
Gimnasia La Plata,0.88,1.19,5.18,4.71,5.53,4.41,11.76,11.65,94.94,94.0,59.59,53.12,48.41,51.59,0.5,0.5,7.0,6.88,4.65,4.82,1.38,1.38,6.5,9.06,8.12,7.94,13.29,12.18,2.94,2.71,3.35,3.18,0.36,0.33,0.34,0.42,0.62,0.49,0.55,0.5,0.54,,,0.37,0.34,0.35,0.64,0.43,0.5,0.55,0.5,0.54,,,Argentina Liga Profissional de Futebol,2025,1.06,0.81,6.5,3.44,6.39,4.11,14.39,8.33,110.78,87.06,69.39,45.0,56.72,43.28,0.86,0.29,9.39,5.28,5.44,3.28,0.93,2.0,7.76,9.29,9.22,6.67,10.28,12.61,1.61,3.39,1.94,2.5,0.5,0.32,0.22,0.41,0.63,0.5,0.53,0.48,0.56,0.5,0.53,0.5,0.32,0.23,0.65,0.42,0.52,0.53,0.49,0.56,0.52,0.53
Godoy Cruz,0.78,1.33,4.88,3.56,6.62,3.38,13.12,8.75,92.06,80.94,55.0,47.75,52.19,47.81,0.0,1.0,6.56,5.0,6.44,3.69,1.62,2.62,7.56,9.69,8.0,5.69,13.31,12.31,2.12,2.5,3.0,2.81,0.37,0.33,0.33,0.41,0.63,0.49,0.54,0.49,0.55,,,0.37,0.34,0.35,0.65,0.42,0.51,0.54,0.5,0.55,,,Argentina Liga Profissional de Futebol,2025,1.92,0.92,4.56,4.5,5.88,4.94,13.06,10.75,95.62,98.56,53.5,51.31,48.94,51.06,0.75,0.25,8.25,5.25,4.5,5.44,1.53,1.67,7.6,7.4,8.81,7.38,12.44,13.38,2.31,3.12,1.81,2.94,0.49,0.32,0.22,0.4,0.64,0.51,0.52,0.48,0.55,,,0.5,0.32,0.23,0.66,0.41,0.51,0.54,0.49,0.56,0.53,0.53
Huracán,1.06,1.0,4.94,3.22,6.17,4.67,13.28,9.5,107.72,88.11,54.83,40.11,57.28,42.72,0.67,0.5,7.94,4.67,4.94,4.83,2.35,0.76,7.0,11.65,9.5,6.67,11.0,17.56,2.06,3.17,2.24,4.18,0.44,0.34,0.25,0.38,0.66,0.49,0.55,0.48,0.56,,,0.45,0.34,0.27,0.68,0.4,0.5,0.55,0.49,0.55,,,Argentina Liga Profissional de Futebol,2025,1.0,1.14,4.72,3.67,4.83,4.83,11.28,10.56,100.72,88.11,57.28,45.72,55.78,44.22,1.5,0.5,6.33,5.94,4.89,4.56,1.28,1.56,7.94,8.06,7.22,7.0,14.33,14.0,2.5,2.56,3.06,3.17,0.41,0.35,0.28,0.4,0.64,0.5,0.54,,,,,0.42,0.34,0.29,0.66,0.41,0.5,0.54,0.52,0.52,,
Independiente,1.73,0.53,5.0,3.44,5.67,3.61,13.44,8.11,117.94,81.67,63.5,40.28,60.39,39.61,1.0,0.25,8.22,5.17,5.56,2.94,1.78,2.67,5.78,9.11,9.0,5.83,10.06,16.33,2.22,3.0,2.28,2.83,0.53,0.3,0.2,0.4,0.64,0.51,0.52,0.49,0.55,,,0.54,0.31,0.21,0.66,0.42,0.52,0.53,0.51,0.54,,,Argentina Liga Profissional de Futebol,2025,1.21,0.93,4.76,4.18,4.71,3.71,10.12,9.71,84.12,87.59,49.24,45.47,43.24,56.76,0.8,0.6,7.35,5.94,2.88,3.71,2.24,1.94,6.94,7.69,6.82,5.88,14.71,12.06,2.59,2.53,3.12,3.35,0.36,0.34,0.34,0.42,0.62,0.5,0.53,0.49,0.55,,,0.36,0.34,0.35,0.64,0.44,0.51,0.54,0.49,0.56,,
Independiente Rivadavia,1.45,1.64,4.5,5.44,5.5,6.62,12.5,16.0,93.62,92.81,53.88,51.62,47.56,52.44,0.75,0.25,7.44,8.38,5.0,7.69,2.38,1.06,9.0,8.73,9.06,9.75,10.25,10.38,3.06,2.75,2.56,2.44,0.4,0.33,0.3,0.43,0.61,0.49,0.54,0.48,0.55,,,0.41,0.33,0.31,0.63,0.44,0.51,0.54,0.49,0.56,0.52,0.52,Argentina Liga Profissional de Futebol,2025,1.07,1.13,4.94,3.88,5.41,3.76,13.0,8.71,100.94,84.06,61.71,44.88,56.59,43.41,0.71,0.29,7.24,5.18,5.35,3.59,0.65,3.18,7.0,8.59,8.06,6.35,12.41,14.06,2.24,3.18,2.65,3.06,0.49,0.32,0.23,0.43,0.61,0.51,0.53,0.51,0.53,0.49,0.54,0.49,0.32,0.25,0.63,0.44,0.51,0.55,0.5,0.55,0.5,0.56
Instituto,1.31,1.15,5.94,3.0,6.56,3.88,14.38,9.0,95.38,87.56,58.25,41.38,50.25,49.75,0.75,0.5,8.81,5.88,5.69,2.94,2.13,1.2,6.38,9.5,9.62,5.62,12.12,13.88,2.0,2.88,2.44,3.81,0.39,0.34,0.31,0.41,0.63,0.49,0.55,,,,,0.4,0.34,0.32,0.64,0.43,0.5,0.55,,,,,Argentina Liga Profissional de Futebol,2025,1.79,0.64,5.12,3.82,6.88,4.12,15.71,10.18,93.12,88.41,55.06,44.94,53.06,46.94,0.5,0.5,8.76,5.12,7.12,4.94,1.12,1.69,6.69,9.19,10.24,6.65,15.29,13.0,2.29,2.82,2.76,3.18,0.46,0.33,0.25,0.41,0.63,0.5,0.54,0.48,0.56,0.49,0.54,0.46,0.33,0.26,0.66,0.41,0.5,0.55,0.5,0.56,0.5,0.54
Lanús,1.4,0.73,3.76,4.29,5.0,5.0,13.53,11.35,97.82,102.76,48.06,46.82,50.65,49.35,0.67,0.33,9.06,5.53,4.47,5.71,1.5,1.31,7.19,6.81,8.94,7.47,12.59,13.0,2.71,3.82,1.71,2.41,0.48,0.32,0.23,0.41,0.63,0.5,0.54,0.5,0.54,,,0.49,0.33,0.24,0.65,0.42,0.51,0.54,0.5,0.54,,,Argentina Liga Profissional de Futebol,2025,1.08,0.92,5.35,4.41,5.76,5.41,13.76,11.59,103.29,96.53,58.47,49.76,49.0,51.0,0.75,0.25,7.71,6.82,6.41,4.82,1.5,1.38,8.06,9.35,9.65,8.06,11.88,11.18,2.94,3.12,3.0,2.18,0.39,0.34,0.3,0.41,0.63,0.5,0.54,0.5,0.52,,,0.4,0.34,0.31,0.65,0.42,0.51,0.54,0.52,0.53,,
Newell's Old Boys,0.93,0.93,5.31,4.88,5.12,5.0,12.81,11.44,94.69,96.62,57.88,55.38,45.75,54.25,0.33,0.67,8.0,5.81,5.06,5.62,2.06,0.88,7.62,7.88,7.62,8.5,11.81,13.5,2.88,3.19,2.67,1.8,0.37,0.33,0.34,0.45,0.6,0.5,0.53,0.49,0.55,,,0.38,0.33,0.35,0.62,0.46,0.51,0.54,0.51,0.55,,,Argentina Liga Profissional de Futebol,2025,1.67,0.8,6.19,3.69,6.44,3.94,17.0,9.44,100.38,80.25,63.38,44.31,60.44,39.56,0.33,0.67,9.0,5.62,8.06,3.62,1.36,1.71,6.87,10.73,11.5,6.25,12.19,12.75,2.31,5.0,2.44,3.12,0.5,0.31,0.23,0.44,0.6,0.51,0.52,0.51,0.52,0.49,0.54,0.51,0.31,0.23,0.62,0.46,0.53,0.52,0.52,0.53,0.5,0.55
Platense,1.17,1.33,5.0,3.19,6.62,2.94,12.75,7.81,93.56,86.69,55.12,39.81,49.81,50.19,,,7.5,5.25,5.31,2.69,1.07,2.8,4.81,9.44,8.2,5.8,11.25,13.12,2.25,2.81,1.88,2.88,0.38,0.35,0.3,0.37,0.67,0.48,0.56,,,,,0.4,0.35,0.31,0.69,0.38,0.5,0.54,,,,,Argentina Liga Profissional de Futebol,2025,1.11,0.74,4.55,3.15,4.5,5.65,12.15,11.05,99.6,89.65,56.6,45.55,58.0,42.0,1.0,0.33,8.05,6.4,4.05,4.55,2.25,1.25,7.95,8.2,8.0,7.42,11.6,13.35,2.4,2.95,2.5,3.4,0.44,0.34,0.25,0.38,0.66,0.51,0.53,0.48,0.56,,,0.45,0.34,0.26,0.69,0.38,0.53,0.52,0.49,0.57,,
Racing Club,1.6,0.93,6.53,3.37,6.53,5.05,14.58,11.63,107.68,87.32,62.79,40.68,57.74,42.26,0.25,0.75,9.26,6.79,5.21,4.63,2.11,1.89,7.35,10.94,9.5,7.33,13.11,10.84,2.89,2.74,2.83,2.89,0.51,0.3,0.23,0.48,0.56,0.53,0.51,0.5,0.53,0.5,0.53,0.52,0.3,0.23,0.58,0.49,0.53,0.52,0.52,0.53,0.51,0.54,Argentina Liga Profissional de Futebol,2025,1.06,1.38,5.12,3.88,7.18,4.65,15.24,11.41,87.35,93.82,53.53,49.76,48.12,51.88,0.0,1.0,9.47,7.18,5.94,4.06,2.0,1.76,7.76,10.94,9.88,7.47,9.12,14.76,2.76,3.35,2.12,3.56,0.36,0.32,0.36,0.48,0.56,0.53,0.51,0.51,0.53,0.5,0.54,0.37,0.32,0.37,0.58,0.5,0.52,0.52,0.51,0.54,0.5,0.54
River Plate,1.65,0.88,5.89,3.06,7.33,3.67,18.0,8.22,107.22,75.5,60.17,32.28,65.67,34.33,0.6,0.4,11.0,4.61,6.94,3.5,2.22,2.17,6.06,9.89,11.5,6.06,13.39,14.0,2.0,4.78,2.78,3.06,0.66,0.25,0.13,0.41,0.63,0.53,0.5,0.51,0.53,0.49,0.54,0.66,0.26,0.14,0.65,0.42,0.54,0.51,0.52,0.53,0.51,0.54,Argentina Liga Profissional de Futebol,2025,1.08,1.58,5.06,3.82,5.24,4.65,11.71,11.88,87.88,95.35,43.65,47.94,39.94,60.06,1.0,0.0,6.53,5.65,5.06,6.24,2.65,1.0,7.5,7.69,7.18,8.18,12.76,12.29,2.76,3.35,2.41,3.35,0.26,0.31,0.46,0.44,0.6,0.51,0.52,0.5,0.54,,,0.27,0.31,0.47,0.61,0.46,0.52,0.53,0.51,0.54,,
Rosario Central,1.41,0.65,5.74,3.68,5.11,4.37,12.42,9.26,97.21,84.79,55.16,41.42,57.21,42.79,0.8,0.2,7.84,5.05,4.58,4.37,1.39,1.33,7.47,9.24,9.79,6.32,10.47,14.53,1.89,3.58,2.33,4.44,0.5,0.32,0.21,0.4,0.64,0.49,0.55,0.48,0.57,,,0.51,0.32,0.22,0.67,0.4,0.51,0.54,0.5,0.55,,,Argentina Liga Profissional de Futebol,2025,0.7,1.7,5.75,3.94,6.19,3.44,13.62,9.19,88.88,74.38,59.12,46.94,49.25,50.75,0.0,1.0,7.69,5.69,6.06,3.38,1.13,2.27,8.12,10.75,8.6,6.2,12.5,11.88,2.5,2.62,3.38,2.88,0.38,0.33,0.32,0.41,0.63,0.5,0.54,0.5,0.53,,,0.39,0.33,0.33,0.65,0.42,0.5,0.55,0.51,0.53,0.5,0.54
San Lorenzo,1.13,0.73,4.44,4.61,5.5,4.06,11.83,9.33,93.61,84.22,55.72,52.17,48.72,51.28,1.33,0.0,7.22,5.72,4.67,3.61,1.06,1.41,7.89,7.72,8.67,6.56,11.78,15.89,2.39,3.0,3.06,3.56,0.41,0.36,0.27,0.37,0.68,0.5,0.54,,,,,0.42,0.35,0.29,0.7,0.37,0.5,0.54,0.49,0.56,,,Argentina Liga Profissional de Futebol,2025,1.15,1.08,3.94,4.06,4.33,4.11,8.83,9.11,92.94,93.89,49.78,45.28,53.11,46.89,0.33,0.67,5.78,5.11,3.22,3.94,1.56,1.56,6.35,7.35,6.06,5.5,13.72,13.61,2.06,1.61,3.22,3.0,0.41,0.35,0.27,0.37,0.67,0.48,0.56,,,,,0.42,0.35,0.28,0.69,0.38,0.5,0.56,,,,
San Martín San Juan,0.79,1.21,5.38,4.06,6.25,4.38,12.56,10.12,91.06,93.56,56.88,51.62,47.06,52.94,0.67,0.33,7.44,6.06,5.25,4.12,1.75,2.25,9.5,9.06,8.25,7.88,12.31,13.19,2.25,2.75,2.5,3.06,0.34,0.35,0.35,0.4,0.64,0.5,0.54,0.48,0.55,,,0.35,0.34,0.36,0.66,0.41,0.5,0.54,0.48,0.56,,,Argentina Liga Profissional de Futebol,2025,1.55,0.64,5.94,4.19,5.88,4.56,12.88,8.75,97.94,86.88,56.06,46.44,58.0,42.0,1.0,0.5,8.44,5.69,4.56,3.25,1.56,1.69,7.4,9.4,9.38,6.5,13.38,14.06,2.19,3.12,2.62,2.75,0.54,0.31,0.19,0.38,0.66,0.49,0.55,0.5,0.54,0.48,0.55,0.54,0.32,0.2,0.68,0.4,0.49,0.56,0.5,0.55,0.5,0.56
Sarmiento,1.08,1.23,5.44,5.31,5.25,4.38,12.81,11.94,97.56,98.5,57.62,54.69,46.88,53.12,1.5,0.5,6.94,6.5,5.56,5.0,2.0,0.62,7.73,8.73,8.25,8.75,13.94,12.69,3.94,3.0,3.0,2.12,0.31,0.34,0.38,0.41,0.63,0.51,0.54,0.51,0.52,,,0.32,0.35,0.39,0.65,0.43,0.51,0.54,0.52,0.52,,,Argentina Liga Profissional de Futebol,2025,1.36,0.71,5.62,3.06,6.31,3.0,14.94,7.19,98.75,80.31,60.38,43.75,55.69,44.31,0.67,0.67,9.44,4.06,5.5,3.12,1.31,2.0,6.5,9.31,10.06,4.88,11.62,15.25,1.5,3.5,2.44,3.75,0.56,0.3,0.18,0.39,0.65,0.5,0.53,0.5,0.54,0.49,0.56,0.56,0.31,0.19,0.67,0.4,0.51,0.53,0.51,0.54,0.5,0.56
Talleres Córdoba,0.83,1.25,5.81,3.5,7.69,4.0,15.38,8.81,96.94,83.31,51.75,38.69,58.56,41.44,1.0,0.0,8.38,4.5,7.0,4.31,1.8,2.2,6.62,10.12,11.44,6.44,11.31,12.25,1.75,3.75,2.12,3.0,0.49,0.31,0.23,0.44,0.6,0.51,0.52,0.49,0.54,,,0.51,0.32,0.24,0.63,0.44,0.52,0.53,0.5,0.55,,,Argentina Liga Profissional de Futebol,2025,1.17,0.83,3.94,4.82,4.82,5.76,11.82,13.71,93.35,86.35,50.12,45.24,45.94,54.06,0.5,0.5,7.0,6.71,4.35,6.29,3.19,1.94,6.94,7.75,7.41,9.06,9.59,12.82,3.88,3.41,2.12,3.24,0.37,0.33,0.34,0.43,0.61,0.5,0.54,0.51,0.53,0.48,0.55,0.38,0.32,0.35,0.63,0.44,0.52,0.53,0.53,0.52,0.5,0.54
Tigre,1.21,0.79,3.88,3.81,4.88,3.38,12.12,8.38,85.69,93.75,45.81,46.56,45.19,54.81,0.75,0.25,8.06,4.94,4.12,3.38,1.31,1.85,5.44,8.81,7.94,5.75,12.94,14.69,2.19,3.19,2.44,2.94,0.39,0.34,0.31,0.41,0.62,0.5,0.53,0.48,0.55,,,0.41,0.34,0.31,0.64,0.43,0.51,0.54,0.49,0.55,,,Argentina Liga Profissional de Futebol,2025,1.07,1.13,4.89,3.89,5.95,4.95,13.16,11.53,109.37,92.63,57.16,47.37,54.26,45.74,0.6,0.4,7.58,5.89,5.58,5.79,1.63,1.11,7.89,8.89,8.79,7.37,10.42,12.63,2.47,2.68,2.47,2.68,0.45,0.33,0.26,0.42,0.62,0.5,0.54,0.49,0.55,,,0.46,0.33,0.27,0.64,0.43,0.51,0.54,0.52,0.53,,
Unión Santa Fe,1.07,0.86,6.29,2.71,6.76,3.94,15.12,8.65,102.29,85.41,68.82,44.0,54.88,45.12,0.33,0.67,8.76,4.94,6.41,3.53,1.5,1.38,7.0,10.25,9.35,6.0,11.76,12.47,1.71,4.0,2.24,2.71,0.44,0.33,0.27,0.43,0.61,0.5,0.53,0.48,0.55,,,0.45,0.33,0.28,0.62,0.45,0.52,0.53,0.49,0.55,,,Argentina Liga Profissional de Futebol,2025,1.46,1.23,5.69,4.62,5.38,5.5,14.38,12.56,99.81,85.12,54.19,45.31,52.25,47.75,1.0,0.0,8.75,6.56,5.56,6.0,2.33,1.75,7.38,9.0,10.12,8.38,10.69,11.56,2.75,3.25,1.75,2.0,0.41,0.33,0.29,0.43,0.61,0.5,0.54,0.49,0.55,,,0.42,0.33,0.3,0.64,0.44,0.5,0.55,0.52,0.54,,
Vélez Sarsfield,0.93,1.07,5.76,3.0,4.65,5.24,12.0,10.29,103.71,85.24,63.59,39.35,57.18,42.82,0.6,0.8,7.06,5.0,5.24,5.24,1.82,1.59,7.44,8.56,7.71,7.29,11.35,14.18,2.06,2.94,2.71,3.82,0.46,0.33,0.25,0.41,0.63,0.5,0.54,0.48,0.55,,,0.47,0.33,0.26,0.66,0.42,0.51,0.54,0.48,0.56,,,Argentina Liga Profissional de Futebol,2025,1.62,1.0,4.94,4.0,5.62,2.75,12.88,7.56,100.56,89.75,55.25,42.44,49.44,50.56,1.0,0.0,8.06,3.88,5.06,3.75,1.62,2.12,5.5,9.06,8.81,5.25,14.12,15.0,1.81,3.25,2.81,3.5,0.4,0.34,0.3,0.4,0.64,0.5,0.53,0.51,0.52,,,0.4,0.34,0.31,0.66,0.42,0.5,0.55,0.51,0.53,,
